repo,file,path,size,branch,year,month,day,raw_url
markpom,MP01JANUARI2027,MP01JANUARI2027,506699,main,2027,1,1,https://raw.githubusercontent.com/phxnkhlay/markpom/main/MP01JANUARI2027
markpom,MP02JANUARI2027,MP02JANUARI2027,506699,main,2027,1,2,https://raw.githubusercontent.com/phxnkhlay/markpom/main/MP02JANUARI2027
markpom,MP03JANUARI2027,MP03JANUARI2027,506699,main,2027,1,3,https://raw.githubusercontent.com/phxnkhlay/markpom/main/MP03JANUARI2027
markpom,MP04JANUARI2027,MP04JANUARI2027,506699,main,2027,1,4,https://raw.githubusercontent.com/phxnkhlay/markpom/main/MP04JANUARI2027
markpom,MP05JANUARI2027,MP05JANUARI2027,506699,main,2027,1,5,https://raw.githubusercontent.com/phxnkhlay/markpom/main/MP05JANUARI2027
markpom,MP06JANUARI2027,MP06JANUARI2027,506699,main,2027,1,6,https://raw.githubusercontent.com/phxnkhlay/markpom/main/MP06JANUARI2027
markpom,MP07JANUARI2027,MP07JANUARI2027,506699,main,2027,1,7,https://raw.githubusercontent.com/phxnkhlay/markpom/main/MP07JANUARI2027
markpom,MP08JANUARI2027,MP08JANUARI2027,506699,main,2027,1,8,https://raw.githubusercontent.com/phxnkhlay/markpom/main/MP08JANUARI2027
markpom,MP09JANUARI2027,MP09JANUARI2027,506699,main,2027,1,9,https://raw.githubusercontent.com/phxnkhlay/markpom/main/MP09JANUARI2027
markpom,MP10JANUARI2027,MP10JANUARI2027,506699,main,2027,1,10,https://raw.githubusercontent.com/phxnkhlay/markpom/main/MP10JANUARI2027
markpom,MP11JANUARI2027,MP11JANUARI2027,506699,main,2027,1,11,https://raw.githubusercontent.com/phxnkhlay/markpom/main/MP11JANUARI2027
markpom,MP12JANUARI2027,MP12JANUARI2027,506699,main,2027,1,12,https://raw.githubusercontent.com/phxnkhlay/markpom/main/MP12JANUARI2027
markpom,MP13JANUARI2027,MP13JANUARI2027,506699,main,2027,1,13,https://raw.githubusercontent.com/phxnkhlay/markpom/main/MP13JANUARI2027
markpom,MP14JANUARI2027,MP14JANUARI2027,506699,main,2027,1,14,https://raw.githubusercontent.com/phxnkhlay/markpom/main/MP14JANUARI2027
markpom,MP15JANUARI2027,MP15JANUARI2027,506699,main,2027,1,15,https://raw.githubusercontent.com/phxnkhlay/markpom/main/MP15JANUARI2027
markpom,MP16JANUARI2027,MP16JANUARI2027,506699,main,2027,1,16,https://raw.githubusercontent.com/phxnkhlay/markpom/main/MP16JANUARI2027
markpom,MP17JANUARI2027,MP17JANUARI2027,506699,main,2027,1,17,https://raw.githubusercontent.com/phxnkhlay/markpom/main/MP17JANUARI2027
markpom,MP18JANUARI2027,MP18JANUARI2027,506699,main,2027,1,18,https://raw.githubusercontent.com/phxnkhlay/markpom/main/MP18JANUARI2027
markpom,MP19JANUARI2027,MP19JANUARI2027,506699,main,2027,1,19,https://raw.githubusercontent.com/phxnkhlay/markpom/main/MP19JANUARI2027
markpom,MP20JANUARI2027,MP20JANUARI2027,506699,main,2027,1,20,https://raw.githubusercontent.com/phxnkhlay/markpom/main/MP20JANUARI2027
markpom,MP21JANUARI2027,MP21JANUARI2027,506699,main,2027,1,21,https://raw.githubusercontent.com/phxnkhlay/markpom/main/MP21JANUARI2027
markpom,MP22JANUARI2027,MP22JANUARI2027,506699,main,2027,1,22,https://raw.githubusercontent.com/phxnkhlay/markpom/main/MP22JANUARI2027
markpom,MP23JANUARI2027,MP23JANUARI2027,506699,main,2027,1,23,https://raw.githubusercontent.com/phxnkhlay/markpom/main/MP23JANUARI2027
markpom,MP24JANUARI2027,MP24JANUARI2027,506699,main,2027,1,24,https://raw.githubusercontent.com/phxnkhlay/markpom/main/MP24JANUARI2027
markpom,MP25JANUARI2027,MP25JANUARI2027,506699,main,2027,1,25,https://raw.githubusercontent.com/phxnkhlay/markpom/main/MP25JANUARI2027
markpom,MP26JANUARI2027,MP26JANUARI2027,506699,main,2027,1,26,https://raw.githubusercontent.com/phxnkhlay/markpom/main/MP26JANUARI2027
markpom,MP27JANUARI2027,MP27JANUARI2027,506699,main,2027,1,27,https://raw.githubusercontent.com/phxnkhlay/markpom/main/MP27JANUARI2027
markpom,MP28JANUARI2027,MP28JANUARI2027,506699,main,2027,1,28,https://raw.githubusercontent.com/phxnkhlay/markpom/main/MP28JANUARI2027
markpom,MP29JANUARI2027,MP29JANUARI2027,506699,main,2027,1,29,https://raw.githubusercontent.com/phxnkhlay/markpom/main/MP29JANUARI2027
markpom,MP30JANUARI2027,MP30JANUARI2027,506699,main,2027,1,30,https://raw.githubusercontent.com/phxnkhlay/markpom/main/MP30JANUARI2027
markpom,MP31JANUARI2027,MP31JANUARI2027,506699,main,2027,1,31,https://raw.githubusercontent.com/phxnkhlay/markpom/main/MP31JANUARI2027
iraurbeF,IF01FEBRUARI2027,IF01FEBRUARI2027,506700,main,2027,2,1,https://raw.githubusercontent.com/phxnkhlay/iraurbeF/main/IF01FEBRUARI2027
iraurbeF,IF02FEBRUARI2027,IF02FEBRUARI2027,506700,main,2027,2,2,https://raw.githubusercontent.com/phxnkhlay/iraurbeF/main/IF02FEBRUARI2027
iraurbeF,IF03FEBRUARI2027,IF03FEBRUARI2027,506700,main,2027,2,3,https://raw.githubusercontent.com/phxnkhlay/iraurbeF/main/IF03FEBRUARI2027
iraurbeF,IF04FEBRUARI2027,IF04FEBRUARI2027,506700,main,2027,2,4,https://raw.githubusercontent.com/phxnkhlay/iraurbeF/main/IF04FEBRUARI2027
iraurbeF,IF05FEBRUARI2027,IF05FEBRUARI2027,506700,main,2027,2,5,https://raw.githubusercontent.com/phxnkhlay/iraurbeF/main/IF05FEBRUARI2027
iraurbeF,IF06FEBRUARI2027,IF06FEBRUARI2027,506700,main,2027,2,6,https://raw.githubusercontent.com/phxnkhlay/iraurbeF/main/IF06FEBRUARI2027
iraurbeF,IF07FEBRUARI2027,IF07FEBRUARI2027,506700,main,2027,2,7,https://raw.githubusercontent.com/phxnkhlay/iraurbeF/main/IF07FEBRUARI2027
iraurbeF,IF08FEBRUARI2027,IF08FEBRUARI2027,506700,main,2027,2,8,https://raw.githubusercontent.com/phxnkhlay/iraurbeF/main/IF08FEBRUARI2027
iraurbeF,IF09FEBRUARI2027,IF09FEBRUARI2027,506700,main,2027,2,9,https://raw.githubusercontent.com/phxnkhlay/iraurbeF/main/IF09FEBRUARI2027
iraurbeF,IF10FEBRUARI2027,IF10FEBRUARI2027,506700,main,2027,2,10,https://raw.githubusercontent.com/phxnkhlay/iraurbeF/main/IF10FEBRUARI2027
iraurbeF,IF11FEBRUARI2027,IF11FEBRUARI2027,506700,main,2027,2,11,https://raw.githubusercontent.com/phxnkhlay/iraurbeF/main/IF11FEBRUARI2027
iraurbeF,IF12FEBRUARI2027,IF12FEBRUARI2027,506700,main,2027,2,12,https://raw.githubusercontent.com/phxnkhlay/iraurbeF/main/IF12FEBRUARI2027
iraurbeF,IF13FEBRUARI2027,IF13FEBRUARI2027,506700,main,2027,2,13,https://raw.githubusercontent.com/phxnkhlay/iraurbeF/main/IF13FEBRUARI2027
iraurbeF,IF14FEBRUARI2027,IF14FEBRUARI2027,506700,main,2027,2,14,https://raw.githubusercontent.com/phxnkhlay/iraurbeF/main/IF14FEBRUARI2027
iraurbeF,IF15FEBRUARI2027,IF15FEBRUARI2027,506700,main,2027,2,15,https://raw.githubusercontent.com/phxnkhlay/iraurbeF/main/IF15FEBRUARI2027
iraurbeF,IF16FEBRUARI2027,IF16FEBRUARI2027,506700,main,2027,2,16,https://raw.githubusercontent.com/phxnkhlay/iraurbeF/main/IF16FEBRUARI2027
iraurbeF,IF17FEBRUARI2027,IF17FEBRUARI2027,506700,main,2027,2,17,https://raw.githubusercontent.com/phxnkhlay/iraurbeF/main/IF17FEBRUARI2027
iraurbeF,IF18FEBRUARI2027,IF18FEBRUARI2027,506700,main,2027,2,18,https://raw.githubusercontent.com/phxnkhlay/iraurbeF/main/IF18FEBRUARI2027
iraurbeF,IF19FEBRUARI2027,IF19FEBRUARI2027,506700,main,2027,2,19,https://raw.githubusercontent.com/phxnkhlay/iraurbeF/main/IF19FEBRUARI2027
iraurbeF,IF20FEBRUARI2027,IF20FEBRUARI2027,506700,main,2027,2,20,https://raw.githubusercontent.com/phxnkhlay/iraurbeF/main/IF20FEBRUARI2027
iraurbeF,IF21FEBRUARI2027,IF21FEBRUARI2027,506700,main,2027,2,21,https://raw.githubusercontent.com/phxnkhlay/iraurbeF/main/IF21FEBRUARI2027
iraurbeF,IF22FEBRUARI2027,IF22FEBRUARI2027,506700,main,2027,2,22,https://raw.githubusercontent.com/phxnkhlay/iraurbeF/main/IF22FEBRUARI2027
iraurbeF,IF23FEBRUARI2027,IF23FEBRUARI2027,506700,main,2027,2,23,https://raw.githubusercontent.com/phxnkhlay/iraurbeF/main/IF23FEBRUARI2027
iraurbeF,IF24FEBRUARI2027,IF24FEBRUARI2027,506700,main,2027,2,24,https://raw.githubusercontent.com/phxnkhlay/iraurbeF/main/IF24FEBRUARI2027
iraurbeF,IF25FEBRUARI2027,IF25FEBRUARI2027,506700,main,2027,2,25,https://raw.githubusercontent.com/phxnkhlay/iraurbeF/main/IF25FEBRUARI2027
iraurbeF,IF26FEBRUARI2027,IF26FEBRUARI2027,506700,main,2027,2,26,https://raw.githubusercontent.com/phxnkhlay/iraurbeF/main/IF26FEBRUARI2027
iraurbeF,IF27FEBRUARI2027,IF27FEBRUARI2027,506700,main,2027,2,27,https://raw.githubusercontent.com/phxnkhlay/iraurbeF/main/IF27FEBRUARI2027
iraurbeF,IF28FEBRUARI2027,IF28FEBRUARI2027,506700,main,2027,2,28,https://raw.githubusercontent.com/phxnkhlay/iraurbeF/main/IF28FEBRUARI2027
teraM,MT01MARET2027,MT01MARET2027,506697,main,2027,3,1,https://raw.githubusercontent.com/phxnkhlay/teraM/main/MT01MARET2027
teraM,MT02MARET2027,MT02MARET2027,506697,main,2027,3,2,https://raw.githubusercontent.com/phxnkhlay/teraM/main/MT02MARET2027
teraM,MT03MARET2027,MT03MARET2027,506697,main,2027,3,3,https://raw.githubusercontent.com/phxnkhlay/teraM/main/MT03MARET2027
teraM,MT04MARET2027,MT04MARET2027,506697,main,2027,3,4,https://raw.githubusercontent.com/phxnkhlay/teraM/main/MT04MARET2027
teraM,MT05MARET2027,MT05MARET2027,506697,main,2027,3,5,https://raw.githubusercontent.com/phxnkhlay/teraM/main/MT05MARET2027
teraM,MT06MARET2027,MT06MARET2027,506697,main,2027,3,6,https://raw.githubusercontent.com/phxnkhlay/teraM/main/MT06MARET2027
teraM,MT07MARET2027,MT07MARET2027,506697,main,2027,3,7,https://raw.githubusercontent.com/phxnkhlay/teraM/main/MT07MARET2027
teraM,MT08MARET2027,MT08MARET2027,506697,main,2027,3,8,https://raw.githubusercontent.com/phxnkhlay/teraM/main/MT08MARET2027
teraM,MT09MARET2027,MT09MARET2027,506697,main,2027,3,9,https://raw.githubusercontent.com/phxnkhlay/teraM/main/MT09MARET2027
teraM,MT10MARET2027,MT10MARET2027,506697,main,2027,3,10,https://raw.githubusercontent.com/phxnkhlay/teraM/main/MT10MARET2027
teraM,MT11MARET2027,MT11MARET2027,506697,main,2027,3,11,https://raw.githubusercontent.com/phxnkhlay/teraM/main/MT11MARET2027
teraM,MT12MARET2027,MT12MARET2027,506697,main,2027,3,12,https://raw.githubusercontent.com/phxnkhlay/teraM/main/MT12MARET2027
teraM,MT13MARET2027,MT13MARET2027,506697,main,2027,3,13,https://raw.githubusercontent.com/phxnkhlay/teraM/main/MT13MARET2027
teraM,MT14MARET2027,MT14MARET2027,506697,main,2027,3,14,https://raw.githubusercontent.com/phxnkhlay/teraM/main/MT14MARET2027
teraM,MT15MARET2027,MT15MARET2027,506697,main,2027,3,15,https://raw.githubusercontent.com/phxnkhlay/teraM/main/MT15MARET2027
teraM,MT16MARET2027,MT16MARET2027,506697,main,2027,3,16,https://raw.githubusercontent.com/phxnkhlay/teraM/main/MT16MARET2027
teraM,MT17MARET2027,MT17MARET2027,506697,main,2027,3,17,https://raw.githubusercontent.com/phxnkhlay/teraM/main/MT17MARET2027
teraM,MT18MARET2027,MT18MARET2027,506697,main,2027,3,18,https://raw.githubusercontent.com/phxnkhlay/teraM/main/MT18MARET2027
teraM,MT19MARET2027,MT19MARET2027,506697,main,2027,3,19,https://raw.githubusercontent.com/phxnkhlay/teraM/main/MT19MARET2027
teraM,MT20MARET2027,MT20MARET2027,506697,main,2027,3,20,https://raw.githubusercontent.com/phxnkhlay/teraM/main/MT20MARET2027
teraM,MT21MARET2027,MT21MARET2027,506697,main,2027,3,21,https://raw.githubusercontent.com/phxnkhlay/teraM/main/MT21MARET2027
teraM,MT22MARET2027,MT22MARET2027,506697,main,2027,3,22,https://raw.githubusercontent.com/phxnkhlay/teraM/main/MT22MARET2027
teraM,MT23MARET2027,MT23MARET2027,506697,main,2027,3,23,https://raw.githubusercontent.com/phxnkhlay/teraM/main/MT23MARET2027
teraM,MT24MARET2027,MT24MARET2027,506697,main,2027,3,24,https://raw.githubusercontent.com/phxnkhlay/teraM/main/MT24MARET2027
teraM,MT25MARET2027,MT25MARET2027,506697,main,2027,3,25,https://raw.githubusercontent.com/phxnkhlay/teraM/main/MT25MARET2027
teraM,MT26MARET2027,MT26MARET2027,506697,main,2027,3,26,https://raw.githubusercontent.com/phxnkhlay/teraM/main/MT26MARET2027
teraM,MT27MARET2027,MT27MARET2027,506697,main,2027,3,27,https://raw.githubusercontent.com/phxnkhlay/teraM/main/MT27MARET2027
teraM,MT28MARET2027,MT28MARET2027,506697,main,2027,3,28,https://raw.githubusercontent.com/phxnkhlay/teraM/main/MT28MARET2027
teraM,MT29MARET2027,MT29MARET2027,506697,main,2027,3,29,https://raw.githubusercontent.com/phxnkhlay/teraM/main/MT29MARET2027
teraM,MT30MARET2027,MT30MARET2027,506697,main,2027,3,30,https://raw.githubusercontent.com/phxnkhlay/teraM/main/MT30MARET2027
teraM,MT31MARET2027,MT31MARET2027,506697,main,2027,3,31,https://raw.githubusercontent.com/phxnkhlay/teraM/main/MT31MARET2027
lirpA,AP01APRIL2027,AP01APRIL2027,506697,main,2027,4,1,https://raw.githubusercontent.com/phxnkhlay/lirpA/main/AP01APRIL2027
lirpA,AP02APRIL2027,AP02APRIL2027,506697,main,2027,4,2,https://raw.githubusercontent.com/phxnkhlay/lirpA/main/AP02APRIL2027
lirpA,AP03APRIL2027,AP03APRIL2027,506697,main,2027,4,3,https://raw.githubusercontent.com/phxnkhlay/lirpA/main/AP03APRIL2027
lirpA,AP04APRIL2027,AP04APRIL2027,506697,main,2027,4,4,https://raw.githubusercontent.com/phxnkhlay/lirpA/main/AP04APRIL2027
lirpA,AP05APRIL2027,AP05APRIL2027,506697,main,2027,4,5,https://raw.githubusercontent.com/phxnkhlay/lirpA/main/AP05APRIL2027
lirpA,AP06APRIL2027,AP06APRIL2027,506697,main,2027,4,6,https://raw.githubusercontent.com/phxnkhlay/lirpA/main/AP06APRIL2027
lirpA,AP07APRIL2027,AP07APRIL2027,506697,main,2027,4,7,https://raw.githubusercontent.com/phxnkhlay/lirpA/main/AP07APRIL2027
lirpA,AP08APRIL2027,AP08APRIL2027,506697,main,2027,4,8,https://raw.githubusercontent.com/phxnkhlay/lirpA/main/AP08APRIL2027
lirpA,AP09APRIL2027,AP09APRIL2027,506697,main,2027,4,9,https://raw.githubusercontent.com/phxnkhlay/lirpA/main/AP09APRIL2027
lirpA,AP10APRIL2027,AP10APRIL2027,506697,main,2027,4,10,https://raw.githubusercontent.com/phxnkhlay/lirpA/main/AP10APRIL2027
lirpA,AP11APRIL2027,AP11APRIL2027,506697,main,2027,4,11,https://raw.githubusercontent.com/phxnkhlay/lirpA/main/AP11APRIL2027
lirpA,AP12APRIL2027,AP12APRIL2027,506697,main,2027,4,12,https://raw.githubusercontent.com/phxnkhlay/lirpA/main/AP12APRIL2027
lirpA,AP13APRIL2027,AP13APRIL2027,506697,main,2027,4,13,https://raw.githubusercontent.com/phxnkhlay/lirpA/main/AP13APRIL2027
lirpA,AP14APRIL2027,AP14APRIL2027,506697,main,2027,4,14,https://raw.githubusercontent.com/phxnkhlay/lirpA/main/AP14APRIL2027
lirpA,AP15APRIL2027,AP15APRIL2027,506697,main,2027,4,15,https://raw.githubusercontent.com/phxnkhlay/lirpA/main/AP15APRIL2027
lirpA,AP16APRIL2027,AP16APRIL2027,506697,main,2027,4,16,https://raw.githubusercontent.com/phxnkhlay/lirpA/main/AP16APRIL2027
lirpA,AP17APRIL2027,AP17APRIL2027,506697,main,2027,4,17,https://raw.githubusercontent.com/phxnkhlay/lirpA/main/AP17APRIL2027
lirpA,AP18APRIL2027,AP18APRIL2027,506697,main,2027,4,18,https://raw.githubusercontent.com/phxnkhlay/lirpA/main/AP18APRIL2027
lirpA,AP19APRIL2027,AP19APRIL2027,506697,main,2027,4,19,https://raw.githubusercontent.com/phxnkhlay/lirpA/main/AP19APRIL2027
lirpA,AP20APRIL2027,AP20APRIL2027,506697,main,2027,4,20,https://raw.githubusercontent.com/phxnkhlay/lirpA/main/AP20APRIL2027
lirpA,AP21APRIL2027,AP21APRIL2027,506697,main,2027,4,21,https://raw.githubusercontent.com/phxnkhlay/lirpA/main/AP21APRIL2027
lirpA,AP22APRIL2027,AP22APRIL2027,506697,main,2027,4,22,https://raw.githubusercontent.com/phxnkhlay/lirpA/main/AP22APRIL2027
lirpA,AP23APRIL2027,AP23APRIL2027,506697,main,2027,4,23,https://raw.githubusercontent.com/phxnkhlay/lirpA/main/AP23APRIL2027
lirpA,AP24APRIL2027,AP24APRIL2027,506697,main,2027,4,24,https://raw.githubusercontent.com/phxnkhlay/lirpA/main/AP24APRIL2027
lirpA,AP25APRIL2027,AP25APRIL2027,506697,main,2027,4,25,https://raw.githubusercontent.com/phxnkhlay/lirpA/main/AP25APRIL2027
lirpA,AP26APRIL2027,AP26APRIL2027,506697,main,2027,4,26,https://raw.githubusercontent.com/phxnkhlay/lirpA/main/AP26APRIL2027
lirpA,AP27APRIL2027,AP27APRIL2027,506697,main,2027,4,27,https://raw.githubusercontent.com/phxnkhlay/lirpA/main/AP27APRIL2027
lirpA,AP28APRIL2027,AP28APRIL2027,506697,main,2027,4,28,https://raw.githubusercontent.com/phxnkhlay/lirpA/main/AP28APRIL2027
lirpA,AP29APRIL2027,AP29APRIL2027,506697,main,2027,4,29,https://raw.githubusercontent.com/phxnkhlay/lirpA/main/AP29APRIL2027
lirpA,AP30APRIL2027,AP30APRIL2027,506697,main,2027,4,30,https://raw.githubusercontent.com/phxnkhlay/lirpA/main/AP30APRIL2027
ieM,IM01MEI2027,IM01MEI2027,506695,main,2027,5,1,https://raw.githubusercontent.com/phxnkhlay/ieM/main/IM01MEI2027
ieM,IM02MEI2027,IM02MEI2027,506695,main,2027,5,2,https://raw.githubusercontent.com/phxnkhlay/ieM/main/IM02MEI2027
ieM,IM03MEI2027,IM03MEI2027,506695,main,2027,5,3,https://raw.githubusercontent.com/phxnkhlay/ieM/main/IM03MEI2027
ieM,IM04MEI2027,IM04MEI2027,506695,main,2027,5,4,https://raw.githubusercontent.com/phxnkhlay/ieM/main/IM04MEI2027
ieM,IM05MEI2027,IM05MEI2027,506695,main,2027,5,5,https://raw.githubusercontent.com/phxnkhlay/ieM/main/IM05MEI2027
ieM,IM06MEI2027,IM06MEI2027,506695,main,2027,5,6,https://raw.githubusercontent.com/phxnkhlay/ieM/main/IM06MEI2027
ieM,IM07MEI2027,IM07MEI2027,506695,main,2027,5,7,https://raw.githubusercontent.com/phxnkhlay/ieM/main/IM07MEI2027
ieM,IM08MEI2027,IM08MEI2027,506695,main,2027,5,8,https://raw.githubusercontent.com/phxnkhlay/ieM/main/IM08MEI2027
ieM,IM09MEI2027,IM09MEI2027,506695,main,2027,5,9,https://raw.githubusercontent.com/phxnkhlay/ieM/main/IM09MEI2027
ieM,IM10MEI2027,IM10MEI2027,506695,main,2027,5,10,https://raw.githubusercontent.com/phxnkhlay/ieM/main/IM10MEI2027
ieM,IM11MEI2027,IM11MEI2027,506695,main,2027,5,11,https://raw.githubusercontent.com/phxnkhlay/ieM/main/IM11MEI2027
ieM,IM12MEI2027,IM12MEI2027,506695,main,2027,5,12,https://raw.githubusercontent.com/phxnkhlay/ieM/main/IM12MEI2027
ieM,IM13MEI2027,IM13MEI2027,506695,main,2027,5,13,https://raw.githubusercontent.com/phxnkhlay/ieM/main/IM13MEI2027
ieM,IM14MEI2027,IM14MEI2027,506695,main,2027,5,14,https://raw.githubusercontent.com/phxnkhlay/ieM/main/IM14MEI2027
ieM,IM15MEI2027,IM15MEI2027,506695,main,2027,5,15,https://raw.githubusercontent.com/phxnkhlay/ieM/main/IM15MEI2027
ieM,IM16MEI2027,IM16MEI2027,506695,main,2027,5,16,https://raw.githubusercontent.com/phxnkhlay/ieM/main/IM16MEI2027
ieM,IM17MEI2027,IM17MEI2027,506695,main,2027,5,17,https://raw.githubusercontent.com/phxnkhlay/ieM/main/IM17MEI2027
ieM,IM18MEI2027,IM18MEI2027,506695,main,2027,5,18,https://raw.githubusercontent.com/phxnkhlay/ieM/main/IM18MEI2027
ieM,IM19MEI2027,IM19MEI2027,506695,main,2027,5,19,https://raw.githubusercontent.com/phxnkhlay/ieM/main/IM19MEI2027
ieM,IM20MEI2027,IM20MEI2027,506695,main,2027,5,20,https://raw.githubusercontent.com/phxnkhlay/ieM/main/IM20MEI2027
ieM,IM21MEI2027,IM21MEI2027,506695,main,2027,5,21,https://raw.githubusercontent.com/phxnkhlay/ieM/main/IM21MEI2027
ieM,IM22MEI2027,IM22MEI2027,506695,main,2027,5,22,https://raw.githubusercontent.com/phxnkhlay/ieM/main/IM22MEI2027
ieM,IM23MEI2027,IM23MEI2027,506695,main,2027,5,23,https://raw.githubusercontent.com/phxnkhlay/ieM/main/IM23MEI2027
ieM,IM24MEI2027,IM24MEI2027,506695,main,2027,5,24,https://raw.githubusercontent.com/phxnkhlay/ieM/main/IM24MEI2027
ieM,IM25MEI2027,IM25MEI2027,506695,main,2027,5,25,https://raw.githubusercontent.com/phxnkhlay/ieM/main/IM25MEI2027
ieM,IM26MEI2027,IM26MEI2027,506695,main,2027,5,26,https://raw.githubusercontent.com/phxnkhlay/ieM/main/IM26MEI2027
ieM,IM27MEI2027,IM27MEI2027,506695,main,2027,5,27,https://raw.githubusercontent.com/phxnkhlay/ieM/main/IM27MEI2027
ieM,IM28MEI2027,IM28MEI2027,506695,main,2027,5,28,https://raw.githubusercontent.com/phxnkhlay/ieM/main/IM28MEI2027
ieM,IM29MEI2027,IM29MEI2027,506695,main,2027,5,29,https://raw.githubusercontent.com/phxnkhlay/ieM/main/IM29MEI2027
ieM,IM30MEI2027,IM30MEI2027,506695,main,2027,5,30,https://raw.githubusercontent.com/phxnkhlay/ieM/main/IM30MEI2027
ieM,IM31MEI2027,IM31MEI2027,506695,main,2027,5,31,https://raw.githubusercontent.com/phxnkhlay/ieM/main/IM31MEI2027
inuJ,IJ01JUNI2027,IJ01JUNI2027,506696,main,2027,6,1,https://raw.githubusercontent.com/phxnkhlay/inuJ/main/IJ01JUNI2027
inuJ,IJ02JUNI2027,IJ02JUNI2027,506696,main,2027,6,2,https://raw.githubusercontent.com/phxnkhlay/inuJ/main/IJ02JUNI2027
inuJ,IJ03JUNI2027,IJ03JUNI2027,506696,main,2027,6,3,https://raw.githubusercontent.com/phxnkhlay/inuJ/main/IJ03JUNI2027
inuJ,IJ04JUNI2027,IJ04JUNI2027,506696,main,2027,6,4,https://raw.githubusercontent.com/phxnkhlay/inuJ/main/IJ04JUNI2027
inuJ,IJ05JUNI2027,IJ05JUNI2027,506696,main,2027,6,5,https://raw.githubusercontent.com/phxnkhlay/inuJ/main/IJ05JUNI2027
inuJ,IJ06JUNI2027,IJ06JUNI2027,506696,main,2027,6,6,https://raw.githubusercontent.com/phxnkhlay/inuJ/main/IJ06JUNI2027
inuJ,IJ07JUNI2027,IJ07JUNI2027,506696,main,2027,6,7,https://raw.githubusercontent.com/phxnkhlay/inuJ/main/IJ07JUNI2027
inuJ,IJ08JUNI2027,IJ08JUNI2027,506696,main,2027,6,8,https://raw.githubusercontent.com/phxnkhlay/inuJ/main/IJ08JUNI2027
inuJ,IJ09JUNI2027,IJ09JUNI2027,506696,main,2027,6,9,https://raw.githubusercontent.com/phxnkhlay/inuJ/main/IJ09JUNI2027
inuJ,IJ10JUNI2027,IJ10JUNI2027,506696,main,2027,6,10,https://raw.githubusercontent.com/phxnkhlay/inuJ/main/IJ10JUNI2027
inuJ,IJ11JUNI2027,IJ11JUNI2027,506696,main,2027,6,11,https://raw.githubusercontent.com/phxnkhlay/inuJ/main/IJ11JUNI2027
inuJ,IJ12JUNI2027,IJ12JUNI2027,506696,main,2027,6,12,https://raw.githubusercontent.com/phxnkhlay/inuJ/main/IJ12JUNI2027
inuJ,IJ13JUNI2027,IJ13JUNI2027,506696,main,2027,6,13,https://raw.githubusercontent.com/phxnkhlay/inuJ/main/IJ13JUNI2027
inuJ,IJ14JUNI2027,IJ14JUNI2027,506696,main,2027,6,14,https://raw.githubusercontent.com/phxnkhlay/inuJ/main/IJ14JUNI2027
inuJ,IJ15JUNI2027,IJ15JUNI2027,506696,main,2027,6,15,https://raw.githubusercontent.com/phxnkhlay/inuJ/main/IJ15JUNI2027
inuJ,IJ16JUNI2027,IJ16JUNI2027,506696,main,2027,6,16,https://raw.githubusercontent.com/phxnkhlay/inuJ/main/IJ16JUNI2027
inuJ,IJ17JUNI2027,IJ17JUNI2027,506696,main,2027,6,17,https://raw.githubusercontent.com/phxnkhlay/inuJ/main/IJ17JUNI2027
inuJ,IJ18JUNI2027,IJ18JUNI2027,506696,main,2027,6,18,https://raw.githubusercontent.com/phxnkhlay/inuJ/main/IJ18JUNI2027
inuJ,IJ19JUNI2027,IJ19JUNI2027,506696,main,2027,6,19,https://raw.githubusercontent.com/phxnkhlay/inuJ/main/IJ19JUNI2027
inuJ,IJ20JUNI2027,IJ20JUNI2027,506696,main,2027,6,20,https://raw.githubusercontent.com/phxnkhlay/inuJ/main/IJ20JUNI2027
inuJ,IJ21JUNI2027,IJ21JUNI2027,506696,main,2027,6,21,https://raw.githubusercontent.com/phxnkhlay/inuJ/main/IJ21JUNI2027
inuJ,IJ22JUNI2027,IJ22JUNI2027,506696,main,2027,6,22,https://raw.githubusercontent.com/phxnkhlay/inuJ/main/IJ22JUNI2027
inuJ,IJ23JUNI2027,IJ23JUNI2027,506696,main,2027,6,23,https://raw.githubusercontent.com/phxnkhlay/inuJ/main/IJ23JUNI2027
inuJ,IJ24JUNI2027,IJ24JUNI2027,506696,main,2027,6,24,https://raw.githubusercontent.com/phxnkhlay/inuJ/main/IJ24JUNI2027
inuJ,IJ25JUNI2027,IJ25JUNI2027,506696,main,2027,6,25,https://raw.githubusercontent.com/phxnkhlay/inuJ/main/IJ25JUNI2027
inuJ,IJ26JUNI2027,IJ26JUNI2027,506696,main,2027,6,26,https://raw.githubusercontent.com/phxnkhlay/inuJ/main/IJ26JUNI2027
inuJ,IJ27JUNI2027,IJ27JUNI2027,506696,main,2027,6,27,https://raw.githubusercontent.com/phxnkhlay/inuJ/main/IJ27JUNI2027
inuJ,IJ28JUNI2027,IJ28JUNI2027,506696,main,2027,6,28,https://raw.githubusercontent.com/phxnkhlay/inuJ/main/IJ28JUNI2027
inuJ,IJ29JUNI2027,IJ29JUNI2027,506696,main,2027,6,29,https://raw.githubusercontent.com/phxnkhlay/inuJ/main/IJ29JUNI2027
inuJ,IJ30JUNI2027,IJ30JUNI2027,506696,main,2027,6,30,https://raw.githubusercontent.com/phxnkhlay/inuJ/main/IJ30JUNI2027
iluJ,JL01JULI2027,JL01JULI2027,506696,main,2027,7,1,https://raw.githubusercontent.com/phxnkhlay/iluJ/main/JL01JULI2027
iluJ,JL02JULI2027,JL02JULI2027,506696,main,2027,7,2,https://raw.githubusercontent.com/phxnkhlay/iluJ/main/JL02JULI2027
iluJ,JL03JULI2027,JL03JULI2027,506696,main,2027,7,3,https://raw.githubusercontent.com/phxnkhlay/iluJ/main/JL03JULI2027
iluJ,JL04JULI2027,JL04JULI2027,506696,main,2027,7,4,https://raw.githubusercontent.com/phxnkhlay/iluJ/main/JL04JULI2027
iluJ,JL05JULI2027,JL05JULI2027,506696,main,2027,7,5,https://raw.githubusercontent.com/phxnkhlay/iluJ/main/JL05JULI2027
iluJ,JL06JULI2027,JL06JULI2027,506696,main,2027,7,6,https://raw.githubusercontent.com/phxnkhlay/iluJ/main/JL06JULI2027
iluJ,JL07JULI2027,JL07JULI2027,506696,main,2027,7,7,https://raw.githubusercontent.com/phxnkhlay/iluJ/main/JL07JULI2027
iluJ,JL08JULI2027,JL08JULI2027,506696,main,2027,7,8,https://raw.githubusercontent.com/phxnkhlay/iluJ/main/JL08JULI2027
iluJ,JL09JULI2027,JL09JULI2027,506696,main,2027,7,9,https://raw.githubusercontent.com/phxnkhlay/iluJ/main/JL09JULI2027
iluJ,JL10JULI2027,JL10JULI2027,506696,main,2027,7,10,https://raw.githubusercontent.com/phxnkhlay/iluJ/main/JL10JULI2027
iluJ,JL11JULI2027,JL11JULI2027,506696,main,2027,7,11,https://raw.githubusercontent.com/phxnkhlay/iluJ/main/JL11JULI2027
iluJ,JL12JULI2027,JL12JULI2027,506696,main,2027,7,12,https://raw.githubusercontent.com/phxnkhlay/iluJ/main/JL12JULI2027
iluJ,JL13JULI2027,JL13JULI2027,506696,main,2027,7,13,https://raw.githubusercontent.com/phxnkhlay/iluJ/main/JL13JULI2027
iluJ,JL14JULI2027,JL14JULI2027,506696,main,2027,7,14,https://raw.githubusercontent.com/phxnkhlay/iluJ/main/JL14JULI2027
iluJ,JL15JULI2027,JL15JULI2027,506696,main,2027,7,15,https://raw.githubusercontent.com/phxnkhlay/iluJ/main/JL15JULI2027
iluJ,JL16JULI2027,JL16JULI2027,506696,main,2027,7,16,https://raw.githubusercontent.com/phxnkhlay/iluJ/main/JL16JULI2027
iluJ,JL17JULI2027,JL17JULI2027,506696,main,2027,7,17,https://raw.githubusercontent.com/phxnkhlay/iluJ/main/JL17JULI2027
iluJ,JL18JULI2027,JL18JULI2027,506696,main,2027,7,18,https://raw.githubusercontent.com/phxnkhlay/iluJ/main/JL18JULI2027
iluJ,JL19JULI2027,JL19JULI2027,506696,main,2027,7,19,https://raw.githubusercontent.com/phxnkhlay/iluJ/main/JL19JULI2027
iluJ,JL20JULI2027,JL20JULI2027,506696,main,2027,7,20,https://raw.githubusercontent.com/phxnkhlay/iluJ/main/JL20JULI2027
iluJ,JL21JULI2027,JL21JULI2027,506696,main,2027,7,21,https://raw.githubusercontent.com/phxnkhlay/iluJ/main/JL21JULI2027
iluJ,JL22JULI2027,JL22JULI2027,506696,main,2027,7,22,https://raw.githubusercontent.com/phxnkhlay/iluJ/main/JL22JULI2027
iluJ,JL23JULI2027,JL23JULI2027,506696,main,2027,7,23,https://raw.githubusercontent.com/phxnkhlay/iluJ/main/JL23JULI2027
iluJ,JL24JULI2027,JL24JULI2027,506696,main,2027,7,24,https://raw.githubusercontent.com/phxnkhlay/iluJ/main/JL24JULI2027
iluJ,JL25JULI2027,JL25JULI2027,506696,main,2027,7,25,https://raw.githubusercontent.com/phxnkhlay/iluJ/main/JL25JULI2027
iluJ,JL26JULI2027,JL26JULI2027,506696,main,2027,7,26,https://raw.githubusercontent.com/phxnkhlay/iluJ/main/JL26JULI2027
iluJ,JL27JULI2027,JL27JULI2027,506696,main,2027,7,27,https://raw.githubusercontent.com/phxnkhlay/iluJ/main/JL27JULI2027
iluJ,JL28JULI2027,JL28JULI2027,506696,main,2027,7,28,https://raw.githubusercontent.com/phxnkhlay/iluJ/main/JL28JULI2027
iluJ,JL29JULI2027,JL29JULI2027,506696,main,2027,7,29,https://raw.githubusercontent.com/phxnkhlay/iluJ/main/JL29JULI2027
iluJ,JL30JULI2027,JL30JULI2027,506696,main,2027,7,30,https://raw.githubusercontent.com/phxnkhlay/iluJ/main/JL30JULI2027
iluJ,JL31JULI2027,JL31JULI2027,506696,main,2027,7,31,https://raw.githubusercontent.com/phxnkhlay/iluJ/main/JL31JULI2027
sutsugA,SA01AGUSTUS2027,SA01AGUSTUS2027,506699,main,2027,8,1,https://raw.githubusercontent.com/phxnkhlay/sutsugA/main/SA01AGUSTUS2027
sutsugA,SA02AGUSTUS2027,SA02AGUSTUS2027,506699,main,2027,8,2,https://raw.githubusercontent.com/phxnkhlay/sutsugA/main/SA02AGUSTUS2027
sutsugA,SA03AGUSTUS2027,SA03AGUSTUS2027,506699,main,2027,8,3,https://raw.githubusercontent.com/phxnkhlay/sutsugA/main/SA03AGUSTUS2027
sutsugA,SA04AGUSTUS2027,SA04AGUSTUS2027,506699,main,2027,8,4,https://raw.githubusercontent.com/phxnkhlay/sutsugA/main/SA04AGUSTUS2027
sutsugA,SA05AGUSTUS2027,SA05AGUSTUS2027,506699,main,2027,8,5,https://raw.githubusercontent.com/phxnkhlay/sutsugA/main/SA05AGUSTUS2027
sutsugA,SA06AGUSTUS2027,SA06AGUSTUS2027,506699,main,2027,8,6,https://raw.githubusercontent.com/phxnkhlay/sutsugA/main/SA06AGUSTUS2027
sutsugA,SA07AGUSTUS2027,SA07AGUSTUS2027,506699,main,2027,8,7,https://raw.githubusercontent.com/phxnkhlay/sutsugA/main/SA07AGUSTUS2027
sutsugA,SA08AGUSTUS2027,SA08AGUSTUS2027,506699,main,2027,8,8,https://raw.githubusercontent.com/phxnkhlay/sutsugA/main/SA08AGUSTUS2027
sutsugA,SA09AGUSTUS2027,SA09AGUSTUS2027,506699,main,2027,8,9,https://raw.githubusercontent.com/phxnkhlay/sutsugA/main/SA09AGUSTUS2027
sutsugA,SA10AGUSTUS2027,SA10AGUSTUS2027,506699,main,2027,8,10,https://raw.githubusercontent.com/phxnkhlay/sutsugA/main/SA10AGUSTUS2027
sutsugA,SA11AGUSTUS2027,SA11AGUSTUS2027,506699,main,2027,8,11,https://raw.githubusercontent.com/phxnkhlay/sutsugA/main/SA11AGUSTUS2027
sutsugA,SA12AGUSTUS2027,SA12AGUSTUS2027,506699,main,2027,8,12,https://raw.githubusercontent.com/phxnkhlay/sutsugA/main/SA12AGUSTUS2027
sutsugA,SA13AGUSTUS2027,SA13AGUSTUS2027,506699,main,2027,8,13,https://raw.githubusercontent.com/phxnkhlay/sutsugA/main/SA13AGUSTUS2027
sutsugA,SA14AGUSTUS2027,SA14AGUSTUS2027,506699,main,2027,8,14,https://raw.githubusercontent.com/phxnkhlay/sutsugA/main/SA14AGUSTUS2027
sutsugA,SA15AGUSTUS2027,SA15AGUSTUS2027,506699,main,2027,8,15,https://raw.githubusercontent.com/phxnkhlay/sutsugA/main/SA15AGUSTUS2027
sutsugA,SA16AGUSTUS2027,SA16AGUSTUS2027,506699,main,2027,8,16,https://raw.githubusercontent.com/phxnkhlay/sutsugA/main/SA16AGUSTUS2027
sutsugA,SA17AGUSTUS2027,SA17AGUSTUS2027,506699,main,2027,8,17,https://raw.githubusercontent.com/phxnkhlay/sutsugA/main/SA17AGUSTUS2027
sutsugA,SA18AGUSTUS2027,SA18AGUSTUS2027,506699,main,2027,8,18,https://raw.githubusercontent.com/phxnkhlay/sutsugA/main/SA18AGUSTUS2027
sutsugA,SA19AGUSTUS2027,SA19AGUSTUS2027,506699,main,2027,8,19,https://raw.githubusercontent.com/phxnkhlay/sutsugA/main/SA19AGUSTUS2027
sutsugA,SA20AGUSTUS2027,SA20AGUSTUS2027,506699,main,2027,8,20,https://raw.githubusercontent.com/phxnkhlay/sutsugA/main/SA20AGUSTUS2027
sutsugA,SA21AGUSTUS2027,SA21AGUSTUS2027,506699,main,2027,8,21,https://raw.githubusercontent.com/phxnkhlay/sutsugA/main/SA21AGUSTUS2027
sutsugA,SA22AGUSTUS2027,SA22AGUSTUS2027,506699,main,2027,8,22,https://raw.githubusercontent.com/phxnkhlay/sutsugA/main/SA22AGUSTUS2027
sutsugA,SA23AGUSTUS2027,SA23AGUSTUS2027,506699,main,2027,8,23,https://raw.githubusercontent.com/phxnkhlay/sutsugA/main/SA23AGUSTUS2027
sutsugA,SA24AGUSTUS2027,SA24AGUSTUS2027,506699,main,2027,8,24,https://raw.githubusercontent.com/phxnkhlay/sutsugA/main/SA24AGUSTUS2027
sutsugA,SA25AGUSTUS2027,SA25AGUSTUS2027,506699,main,2027,8,25,https://raw.githubusercontent.com/phxnkhlay/sutsugA/main/SA25AGUSTUS2027
sutsugA,SA26AGUSTUS2027,SA26AGUSTUS2027,506699,main,2027,8,26,https://raw.githubusercontent.com/phxnkhlay/sutsugA/main/SA26AGUSTUS2027
sutsugA,SA27AGUSTUS2027,SA27AGUSTUS2027,506699,main,2027,8,27,https://raw.githubusercontent.com/phxnkhlay/sutsugA/main/SA27AGUSTUS2027
sutsugA,SA28AGUSTUS2027,SA28AGUSTUS2027,506699,main,2027,8,28,https://raw.githubusercontent.com/phxnkhlay/sutsugA/main/SA28AGUSTUS2027
sutsugA,SA29AGUSTUS2027,SA29AGUSTUS2027,506699,main,2027,8,29,https://raw.githubusercontent.com/phxnkhlay/sutsugA/main/SA29AGUSTUS2027
sutsugA,SA30AGUSTUS2027,SA30AGUSTUS2027,506699,main,2027,8,30,https://raw.githubusercontent.com/phxnkhlay/sutsugA/main/SA30AGUSTUS2027
sutsugA,SA31AGUSTUS2027,SA31AGUSTUS2027,506699,main,2027,8,31,https://raw.githubusercontent.com/phxnkhlay/sutsugA/main/SA31AGUSTUS2027
rebmetpeS,SR01SEPTEMBER2027,SR01SEPTEMBER2027,506701,main,2027,9,1,https://raw.githubusercontent.com/phxnkhlay/rebmetpeS/main/SR01SEPTEMBER2027
rebmetpeS,SR02SEPTEMBER2027,SR02SEPTEMBER2027,506701,main,2027,9,2,https://raw.githubusercontent.com/phxnkhlay/rebmetpeS/main/SR02SEPTEMBER2027
rebmetpeS,SR03SEPTEMBER2027,SR03SEPTEMBER2027,506701,main,2027,9,3,https://raw.githubusercontent.com/phxnkhlay/rebmetpeS/main/SR03SEPTEMBER2027
rebmetpeS,SR04SEPTEMBER2027,SR04SEPTEMBER2027,506701,main,2027,9,4,https://raw.githubusercontent.com/phxnkhlay/rebmetpeS/main/SR04SEPTEMBER2027
rebmetpeS,SR05SEPTEMBER2027,SR05SEPTEMBER2027,506701,main,2027,9,5,https://raw.githubusercontent.com/phxnkhlay/rebmetpeS/main/SR05SEPTEMBER2027
rebmetpeS,SR06SEPTEMBER2027,SR06SEPTEMBER2027,506701,main,2027,9,6,https://raw.githubusercontent.com/phxnkhlay/rebmetpeS/main/SR06SEPTEMBER2027
rebmetpeS,SR07SEPTEMBER2027,SR07SEPTEMBER2027,506701,main,2027,9,7,https://raw.githubusercontent.com/phxnkhlay/rebmetpeS/main/SR07SEPTEMBER2027
rebmetpeS,SR08SEPTEMBER2027,SR08SEPTEMBER2027,506701,main,2027,9,8,https://raw.githubusercontent.com/phxnkhlay/rebmetpeS/main/SR08SEPTEMBER2027
rebmetpeS,SR09SEPTEMBER2027,SR09SEPTEMBER2027,506701,main,2027,9,9,https://raw.githubusercontent.com/phxnkhlay/rebmetpeS/main/SR09SEPTEMBER2027
rebmetpeS,SR10SEPTEMBER2027,SR10SEPTEMBER2027,506701,main,2027,9,10,https://raw.githubusercontent.com/phxnkhlay/rebmetpeS/main/SR10SEPTEMBER2027
rebmetpeS,SR11SEPTEMBER2027,SR11SEPTEMBER2027,506701,main,2027,9,11,https://raw.githubusercontent.com/phxnkhlay/rebmetpeS/main/SR11SEPTEMBER2027
rebmetpeS,SR12SEPTEMBER2027,SR12SEPTEMBER2027,506701,main,2027,9,12,https://raw.githubusercontent.com/phxnkhlay/rebmetpeS/main/SR12SEPTEMBER2027
rebmetpeS,SR13SEPTEMBER2027,SR13SEPTEMBER2027,506701,main,2027,9,13,https://raw.githubusercontent.com/phxnkhlay/rebmetpeS/main/SR13SEPTEMBER2027
rebmetpeS,SR14SEPTEMBER2027,SR14SEPTEMBER2027,506701,main,2027,9,14,https://raw.githubusercontent.com/phxnkhlay/rebmetpeS/main/SR14SEPTEMBER2027
rebmetpeS,SR15SEPTEMBER2027,SR15SEPTEMBER2027,506701,main,2027,9,15,https://raw.githubusercontent.com/phxnkhlay/rebmetpeS/main/SR15SEPTEMBER2027
rebmetpeS,SR16SEPTEMBER2027,SR16SEPTEMBER2027,506701,main,2027,9,16,https://raw.githubusercontent.com/phxnkhlay/rebmetpeS/main/SR16SEPTEMBER2027
rebmetpeS,SR17SEPTEMBER2027,SR17SEPTEMBER2027,506701,main,2027,9,17,https://raw.githubusercontent.com/phxnkhlay/rebmetpeS/main/SR17SEPTEMBER2027
rebmetpeS,SR18SEPTEMBER2027,SR18SEPTEMBER2027,506701,main,2027,9,18,https://raw.githubusercontent.com/phxnkhlay/rebmetpeS/main/SR18SEPTEMBER2027
rebmetpeS,SR19SEPTEMBER2027,SR19SEPTEMBER2027,506701,main,2027,9,19,https://raw.githubusercontent.com/phxnkhlay/rebmetpeS/main/SR19SEPTEMBER2027
rebmetpeS,SR20SEPTEMBER2027,SR20SEPTEMBER2027,506701,main,2027,9,20,https://raw.githubusercontent.com/phxnkhlay/rebmetpeS/main/SR20SEPTEMBER2027
rebmetpeS,SR21SEPTEMBER2027,SR21SEPTEMBER2027,506701,main,2027,9,21,https://raw.githubusercontent.com/phxnkhlay/rebmetpeS/main/SR21SEPTEMBER2027
rebmetpeS,SR22SEPTEMBER2027,SR22SEPTEMBER2027,506701,main,2027,9,22,https://raw.githubusercontent.com/phxnkhlay/rebmetpeS/main/SR22SEPTEMBER2027
rebmetpeS,SR23SEPTEMBER2027,SR23SEPTEMBER2027,506701,main,2027,9,23,https://raw.githubusercontent.com/phxnkhlay/rebmetpeS/main/SR23SEPTEMBER2027
rebmetpeS,SR24SEPTEMBER2027,SR24SEPTEMBER2027,506701,main,2027,9,24,https://raw.githubusercontent.com/phxnkhlay/rebmetpeS/main/SR24SEPTEMBER2027
rebmetpeS,SR25SEPTEMBER2027,SR25SEPTEMBER2027,506701,main,2027,9,25,https://raw.githubusercontent.com/phxnkhlay/rebmetpeS/main/SR25SEPTEMBER2027
rebmetpeS,SR26SEPTEMBER2027,SR26SEPTEMBER2027,506701,main,2027,9,26,https://raw.githubusercontent.com/phxnkhlay/rebmetpeS/main/SR26SEPTEMBER2027
rebmetpeS,SR27SEPTEMBER2027,SR27SEPTEMBER2027,506701,main,2027,9,27,https://raw.githubusercontent.com/phxnkhlay/rebmetpeS/main/SR27SEPTEMBER2027
rebmetpeS,SR28SEPTEMBER2027,SR28SEPTEMBER2027,506701,main,2027,9,28,https://raw.githubusercontent.com/phxnkhlay/rebmetpeS/main/SR28SEPTEMBER2027
rebmetpeS,SR29SEPTEMBER2027,SR29SEPTEMBER2027,506701,main,2027,9,29,https://raw.githubusercontent.com/phxnkhlay/rebmetpeS/main/SR29SEPTEMBER2027
rebmetpeS,SR30SEPTEMBER2027,SR30SEPTEMBER2027,506701,main,2027,9,30,https://raw.githubusercontent.com/phxnkhlay/rebmetpeS/main/SR30SEPTEMBER2027
rebotkO,OR01OKTOBER2027,OR01OKTOBER2027,506699,main,2027,10,1,https://raw.githubusercontent.com/phxnkhlay/rebotkO/main/OR01OKTOBER2027
rebotkO,OR02OKTOBER2027,OR02OKTOBER2027,506699,main,2027,10,2,https://raw.githubusercontent.com/phxnkhlay/rebotkO/main/OR02OKTOBER2027
rebotkO,OR03OKTOBER2027,OR03OKTOBER2027,506699,main,2027,10,3,https://raw.githubusercontent.com/phxnkhlay/rebotkO/main/OR03OKTOBER2027
rebotkO,OR04OKTOBER2027,OR04OKTOBER2027,506699,main,2027,10,4,https://raw.githubusercontent.com/phxnkhlay/rebotkO/main/OR04OKTOBER2027
rebotkO,OR05OKTOBER2027,OR05OKTOBER2027,506699,main,2027,10,5,https://raw.githubusercontent.com/phxnkhlay/rebotkO/main/OR05OKTOBER2027
rebotkO,OR06OKTOBER2027,OR06OKTOBER2027,506699,main,2027,10,6,https://raw.githubusercontent.com/phxnkhlay/rebotkO/main/OR06OKTOBER2027
rebotkO,OR07OKTOBER2027,OR07OKTOBER2027,506699,main,2027,10,7,https://raw.githubusercontent.com/phxnkhlay/rebotkO/main/OR07OKTOBER2027
rebotkO,OR08OKTOBER2027,OR08OKTOBER2027,506699,main,2027,10,8,https://raw.githubusercontent.com/phxnkhlay/rebotkO/main/OR08OKTOBER2027
rebotkO,OR09OKTOBER2027,OR09OKTOBER2027,506699,main,2027,10,9,https://raw.githubusercontent.com/phxnkhlay/rebotkO/main/OR09OKTOBER2027
rebotkO,OR10OKTOBER2027,OR10OKTOBER2027,506699,main,2027,10,10,https://raw.githubusercontent.com/phxnkhlay/rebotkO/main/OR10OKTOBER2027
rebotkO,OR11OKTOBER2027,OR11OKTOBER2027,506699,main,2027,10,11,https://raw.githubusercontent.com/phxnkhlay/rebotkO/main/OR11OKTOBER2027
rebotkO,OR12OKTOBER2027,OR12OKTOBER2027,506699,main,2027,10,12,https://raw.githubusercontent.com/phxnkhlay/rebotkO/main/OR12OKTOBER2027
rebotkO,OR13OKTOBER2027,OR13OKTOBER2027,506699,main,2027,10,13,https://raw.githubusercontent.com/phxnkhlay/rebotkO/main/OR13OKTOBER2027
rebotkO,OR14OKTOBER2027,OR14OKTOBER2027,506699,main,2027,10,14,https://raw.githubusercontent.com/phxnkhlay/rebotkO/main/OR14OKTOBER2027
rebotkO,OR15OKTOBER2027,OR15OKTOBER2027,506699,main,2027,10,15,https://raw.githubusercontent.com/phxnkhlay/rebotkO/main/OR15OKTOBER2027
rebotkO,OR16OKTOBER2027,OR16OKTOBER2027,506699,main,2027,10,16,https://raw.githubusercontent.com/phxnkhlay/rebotkO/main/OR16OKTOBER2027
rebotkO,OR17OKTOBER2027,OR17OKTOBER2027,506699,main,2027,10,17,https://raw.githubusercontent.com/phxnkhlay/rebotkO/main/OR17OKTOBER2027
rebotkO,OR18OKTOBER2027,OR18OKTOBER2027,506699,main,2027,10,18,https://raw.githubusercontent.com/phxnkhlay/rebotkO/main/OR18OKTOBER2027
rebotkO,OR19OKTOBER2027,OR19OKTOBER2027,506699,main,2027,10,19,https://raw.githubusercontent.com/phxnkhlay/rebotkO/main/OR19OKTOBER2027
rebotkO,OR20OKTOBER2027,OR20OKTOBER2027,506699,main,2027,10,20,https://raw.githubusercontent.com/phxnkhlay/rebotkO/main/OR20OKTOBER2027
rebotkO,OR21OKTOBER2027,OR21OKTOBER2027,506699,main,2027,10,21,https://raw.githubusercontent.com/phxnkhlay/rebotkO/main/OR21OKTOBER2027
rebotkO,OR22OKTOBER2027,OR22OKTOBER2027,506699,main,2027,10,22,https://raw.githubusercontent.com/phxnkhlay/rebotkO/main/OR22OKTOBER2027
rebotkO,OR23OKTOBER2027,OR23OKTOBER2027,506699,main,2027,10,23,https://raw.githubusercontent.com/phxnkhlay/rebotkO/main/OR23OKTOBER2027
rebotkO,OR24OKTOBER2027,OR24OKTOBER2027,506699,main,2027,10,24,https://raw.githubusercontent.com/phxnkhlay/rebotkO/main/OR24OKTOBER2027
rebotkO,OR25OKTOBER2027,OR25OKTOBER2027,506699,main,2027,10,25,https://raw.githubusercontent.com/phxnkhlay/rebotkO/main/OR25OKTOBER2027
rebotkO,OR26OKTOBER2027,OR26OKTOBER2027,506699,main,2027,10,26,https://raw.githubusercontent.com/phxnkhlay/rebotkO/main/OR26OKTOBER2027
rebotkO,OR27OKTOBER2027,OR27OKTOBER2027,506699,main,2027,10,27,https://raw.githubusercontent.com/phxnkhlay/rebotkO/main/OR27OKTOBER2027
rebotkO,OR28OKTOBER2027,OR28OKTOBER2027,506699,main,2027,10,28,https://raw.githubusercontent.com/phxnkhlay/rebotkO/main/OR28OKTOBER2027
rebotkO,OR29OKTOBER2027,OR29OKTOBER2027,506699,main,2027,10,29,https://raw.githubusercontent.com/phxnkhlay/rebotkO/main/OR29OKTOBER2027
rebotkO,OR30OKTOBER2027,OR30OKTOBER2027,506699,main,2027,10,30,https://raw.githubusercontent.com/phxnkhlay/rebotkO/main/OR30OKTOBER2027
rebotkO,OR31OKTOBER2027,OR31OKTOBER2027,506699,main,2027,10,31,https://raw.githubusercontent.com/phxnkhlay/rebotkO/main/OR31OKTOBER2027
rebmevoN,NR01NOVEMBER2027,NR01NOVEMBER2027,584855,main,2027,11,1,https://raw.githubusercontent.com/phxnkhlay/rebmevoN/main/NR01NOVEMBER2027
rebmevoN,NR02NOVEMBER2027,NR02NOVEMBER2027,584855,main,2027,11,2,https://raw.githubusercontent.com/phxnkhlay/rebmevoN/main/NR02NOVEMBER2027
rebmevoN,NR03NOVEMBER2027,NR03NOVEMBER2027,584855,main,2027,11,3,https://raw.githubusercontent.com/phxnkhlay/rebmevoN/main/NR03NOVEMBER2027
rebmevoN,NR04NOVEMBER2027,NR04NOVEMBER2027,584855,main,2027,11,4,https://raw.githubusercontent.com/phxnkhlay/rebmevoN/main/NR04NOVEMBER2027
rebmevoN,NR05NOVEMBER2027,NR05NOVEMBER2027,584855,main,2027,11,5,https://raw.githubusercontent.com/phxnkhlay/rebmevoN/main/NR05NOVEMBER2027
rebmevoN,NR06NOVEMBER2027,NR06NOVEMBER2027,584855,main,2027,11,6,https://raw.githubusercontent.com/phxnkhlay/rebmevoN/main/NR06NOVEMBER2027
rebmevoN,NR07NOVEMBER2027,NR07NOVEMBER2027,584855,main,2027,11,7,https://raw.githubusercontent.com/phxnkhlay/rebmevoN/main/NR07NOVEMBER2027
rebmevoN,NR08NOVEMBER2027,NR08NOVEMBER2027,584855,main,2027,11,8,https://raw.githubusercontent.com/phxnkhlay/rebmevoN/main/NR08NOVEMBER2027
rebmevoN,NR09NOVEMBER2027,NR09NOVEMBER2027,584855,main,2027,11,9,https://raw.githubusercontent.com/phxnkhlay/rebmevoN/main/NR09NOVEMBER2027
rebmevoN,NR10NOVEMBER2027,NR10NOVEMBER2027,584855,main,2027,11,10,https://raw.githubusercontent.com/phxnkhlay/rebmevoN/main/NR10NOVEMBER2027
rebmevoN,NR11NOVEMBER2027,NR11NOVEMBER2027,584855,main,2027,11,11,https://raw.githubusercontent.com/phxnkhlay/rebmevoN/main/NR11NOVEMBER2027
rebmevoN,NR12NOVEMBER2027,NR12NOVEMBER2027,584855,main,2027,11,12,https://raw.githubusercontent.com/phxnkhlay/rebmevoN/main/NR12NOVEMBER2027
rebmevoN,NR13NOVEMBER2027,NR13NOVEMBER2027,584855,main,2027,11,13,https://raw.githubusercontent.com/phxnkhlay/rebmevoN/main/NR13NOVEMBER2027
rebmevoN,NR14NOVEMBER2027,NR14NOVEMBER2027,584855,main,2027,11,14,https://raw.githubusercontent.com/phxnkhlay/rebmevoN/main/NR14NOVEMBER2027
rebmevoN,NR15NOVEMBER2027,NR15NOVEMBER2027,584855,main,2027,11,15,https://raw.githubusercontent.com/phxnkhlay/rebmevoN/main/NR15NOVEMBER2027
rebmevoN,NR16NOVEMBER2027,NR16NOVEMBER2027,584855,main,2027,11,16,https://raw.githubusercontent.com/phxnkhlay/rebmevoN/main/NR16NOVEMBER2027
rebmevoN,NR17NOVEMBER2027,NR17NOVEMBER2027,584855,main,2027,11,17,https://raw.githubusercontent.com/phxnkhlay/rebmevoN/main/NR17NOVEMBER2027
rebmevoN,NR18NOVEMBER2027,NR18NOVEMBER2027,584855,main,2027,11,18,https://raw.githubusercontent.com/phxnkhlay/rebmevoN/main/NR18NOVEMBER2027
rebmevoN,NR19NOVEMBER2027,NR19NOVEMBER2027,584855,main,2027,11,19,https://raw.githubusercontent.com/phxnkhlay/rebmevoN/main/NR19NOVEMBER2027
rebmevoN,NR20NOVEMBER2027,NR20NOVEMBER2027,584855,main,2027,11,20,https://raw.githubusercontent.com/phxnkhlay/rebmevoN/main/NR20NOVEMBER2027
rebmevoN,NR21NOVEMBER2027,NR21NOVEMBER2027,584855,main,2027,11,21,https://raw.githubusercontent.com/phxnkhlay/rebmevoN/main/NR21NOVEMBER2027
rebmevoN,NR22NOVEMBER2027,NR22NOVEMBER2027,584855,main,2027,11,22,https://raw.githubusercontent.com/phxnkhlay/rebmevoN/main/NR22NOVEMBER2027
rebmevoN,NR23NOVEMBER2027,NR23NOVEMBER2027,584855,main,2027,11,23,https://raw.githubusercontent.com/phxnkhlay/rebmevoN/main/NR23NOVEMBER2027
rebmevoN,NR24NOVEMBER2027,NR24NOVEMBER2027,584855,main,2027,11,24,https://raw.githubusercontent.com/phxnkhlay/rebmevoN/main/NR24NOVEMBER2027
rebmevoN,NR25NOVEMBER2027,NR25NOVEMBER2027,584855,main,2027,11,25,https://raw.githubusercontent.com/phxnkhlay/rebmevoN/main/NR25NOVEMBER2027
rebmevoN,NR26NOVEMBER2027,NR26NOVEMBER2027,584855,main,2027,11,26,https://raw.githubusercontent.com/phxnkhlay/rebmevoN/main/NR26NOVEMBER2027
rebmevoN,NR27NOVEMBER2027,NR27NOVEMBER2027,584855,main,2027,11,27,https://raw.githubusercontent.com/phxnkhlay/rebmevoN/main/NR27NOVEMBER2027
rebmevoN,NR28NOVEMBER2027,NR28NOVEMBER2027,584855,main,2027,11,28,https://raw.githubusercontent.com/phxnkhlay/rebmevoN/main/NR28NOVEMBER2027
rebmevoN,NR29NOVEMBER2027,NR29NOVEMBER2027,584855,main,2027,11,29,https://raw.githubusercontent.com/phxnkhlay/rebmevoN/main/NR29NOVEMBER2027
rebmevoN,NR30NOVEMBER2027,NR30NOVEMBER2027,584855,main,2027,11,30,https://raw.githubusercontent.com/phxnkhlay/rebmevoN/main/NR30NOVEMBER2027
rebmeseD,DR01DESEMBER2027,DR01DESEMBER2027,506700,main,2027,12,1,https://raw.githubusercontent.com/phxnkhlay/rebmeseD/main/DR01DESEMBER2027
rebmeseD,DR02DESEMBER2027,DR02DESEMBER2027,506700,main,2027,12,2,https://raw.githubusercontent.com/phxnkhlay/rebmeseD/main/DR02DESEMBER2027
rebmeseD,DR03DESEMBER2027,DR03DESEMBER2027,506700,main,2027,12,3,https://raw.githubusercontent.com/phxnkhlay/rebmeseD/main/DR03DESEMBER2027
rebmeseD,DR04DESEMBER2027,DR04DESEMBER2027,506700,main,2027,12,4,https://raw.githubusercontent.com/phxnkhlay/rebmeseD/main/DR04DESEMBER2027
rebmeseD,DR05DESEMBER2027,DR05DESEMBER2027,506700,main,2027,12,5,https://raw.githubusercontent.com/phxnkhlay/rebmeseD/main/DR05DESEMBER2027
rebmeseD,DR06DESEMBER2027,DR06DESEMBER2027,506700,main,2027,12,6,https://raw.githubusercontent.com/phxnkhlay/rebmeseD/main/DR06DESEMBER2027
rebmeseD,DR07DESEMBER2027,DR07DESEMBER2027,506700,main,2027,12,7,https://raw.githubusercontent.com/phxnkhlay/rebmeseD/main/DR07DESEMBER2027
rebmeseD,DR08DESEMBER2027,DR08DESEMBER2027,506700,main,2027,12,8,https://raw.githubusercontent.com/phxnkhlay/rebmeseD/main/DR08DESEMBER2027
rebmeseD,DR09DESEMBER2027,DR09DESEMBER2027,506700,main,2027,12,9,https://raw.githubusercontent.com/phxnkhlay/rebmeseD/main/DR09DESEMBER2027
rebmeseD,DR10DESEMBER2027,DR10DESEMBER2027,506700,main,2027,12,10,https://raw.githubusercontent.com/phxnkhlay/rebmeseD/main/DR10DESEMBER2027
rebmeseD,DR11DESEMBER2027,DR11DESEMBER2027,506700,main,2027,12,11,https://raw.githubusercontent.com/phxnkhlay/rebmeseD/main/DR11DESEMBER2027
rebmeseD,DR12DESEMBER2027,DR12DESEMBER2027,506700,main,2027,12,12,https://raw.githubusercontent.com/phxnkhlay/rebmeseD/main/DR12DESEMBER2027
rebmeseD,DR13DESEMBER2027,DR13DESEMBER2027,506700,main,2027,12,13,https://raw.githubusercontent.com/phxnkhlay/rebmeseD/main/DR13DESEMBER2027
rebmeseD,DR14DESEMBER2027,DR14DESEMBER2027,506700,main,2027,12,14,https://raw.githubusercontent.com/phxnkhlay/rebmeseD/main/DR14DESEMBER2027
rebmeseD,DR15DESEMBER2027,DR15DESEMBER2027,506700,main,2027,12,15,https://raw.githubusercontent.com/phxnkhlay/rebmeseD/main/DR15DESEMBER2027
rebmeseD,DR16DESEMBER2027,DR16DESEMBER2027,506700,main,2027,12,16,https://raw.githubusercontent.com/phxnkhlay/rebmeseD/main/DR16DESEMBER2027
rebmeseD,DR17DESEMBER2027,DR17DESEMBER2027,506700,main,2027,12,17,https://raw.githubusercontent.com/phxnkhlay/rebmeseD/main/DR17DESEMBER2027
rebmeseD,DR18DESEMBER2027,DR18DESEMBER2027,506700,main,2027,12,18,https://raw.githubusercontent.com/phxnkhlay/rebmeseD/main/DR18DESEMBER2027
rebmeseD,DR19DESEMBER2027,DR19DESEMBER2027,506700,main,2027,12,19,https://raw.githubusercontent.com/phxnkhlay/rebmeseD/main/DR19DESEMBER2027
rebmeseD,DR20DESEMBER2027,DR20DESEMBER2027,506700,main,2027,12,20,https://raw.githubusercontent.com/phxnkhlay/rebmeseD/main/DR20DESEMBER2027
rebmeseD,DR21DESEMBER2027,DR21DESEMBER2027,506700,main,2027,12,21,https://raw.githubusercontent.com/phxnkhlay/rebmeseD/main/DR21DESEMBER2027
rebmeseD,DR22DESEMBER2027,DR22DESEMBER2027,506700,main,2027,12,22,https://raw.githubusercontent.com/phxnkhlay/rebmeseD/main/DR22DESEMBER2027
rebmeseD,DR23DESEMBER2027,DR23DESEMBER2027,506700,main,2027,12,23,https://raw.githubusercontent.com/phxnkhlay/rebmeseD/main/DR23DESEMBER2027
rebmeseD,DR24DESEMBER2027,DR24DESEMBER2027,506700,main,2027,12,24,https://raw.githubusercontent.com/phxnkhlay/rebmeseD/main/DR24DESEMBER2027
rebmeseD,DR25DESEMBER2027,DR25DESEMBER2027,506700,main,2027,12,25,https://raw.githubusercontent.com/phxnkhlay/rebmeseD/main/DR25DESEMBER2027
rebmeseD,DR26DESEMBER2027,DR26DESEMBER2027,506700,main,2027,12,26,https://raw.githubusercontent.com/phxnkhlay/rebmeseD/main/DR26DESEMBER2027
rebmeseD,DR27DESEMBER2027,DR27DESEMBER2027,506700,main,2027,12,27,https://raw.githubusercontent.com/phxnkhlay/rebmeseD/main/DR27DESEMBER2027
rebmeseD,DR28DESEMBER2027,DR28DESEMBER2027,506700,main,2027,12,28,https://raw.githubusercontent.com/phxnkhlay/rebmeseD/main/DR28DESEMBER2027
rebmeseD,DR29DESEMBER2027,DR29DESEMBER2027,506700,main,2027,12,29,https://raw.githubusercontent.com/phxnkhlay/rebmeseD/main/DR29DESEMBER2027
rebmeseD,DR30DESEMBER2027,DR30DESEMBER2027,506700,main,2027,12,30,https://raw.githubusercontent.com/phxnkhlay/rebmeseD/main/DR30DESEMBER2027
rebmeseD,DR31DESEMBER2027,DR31DESEMBER2027,506700,main,2027,12,31,https://raw.githubusercontent.com/phxnkhlay/rebmeseD/main/DR31DESEMBER2027
